{"cameraMode":{"drawMode":0,"name":"Shaded","section":"Shading Mode"},"sceneLighting":true,"audioPlay":false,"sceneViewState":{"showFog":true,"showMaterialUpdate":false,"showSkybox":true,"showFlares":true,"showImageEffects":true,"showParticleSystems":true},"in2DMode":false,"pivot":{"x":-1.5129475593566895,"y":0.7462425827980042,"z":-0.7955735921859741},"rotation":{"x":-0.1727069616317749,"y":0.7535712718963623,"z":-0.21857856214046479,"w":-0.5954256057739258},"size":10.0,"orthographic":false}