{"cameraMode":{"drawMode":0,"name":"Shaded","section":"Shading Mode"},"sceneLighting":true,"audioPlay":false,"sceneViewState":{"showFog":true,"showMaterialUpdate":false,"showSkybox":true,"showFlares":true,"showImageEffects":true,"showParticleSystems":true},"in2DMode":false,"pivot":{"x":21.66941261291504,"y":-0.6557753086090088,"z":0.12192356586456299},"rotation":{"x":0.10563263297080994,"y":0.5551190972328186,"z":-0.07133612036705017,"w":0.8219642639160156},"size":10.0,"orthographic":false}